"rank","country","current points","points gained","gap to 4th place","gap to 8th place","teams remaining"
"1.(1.)",":gb-eng:England",101.783,0.427999999999997,29.427,63.333,"6/7"
"2.(2.)",":es:Spain",92.284,0.429000000000002,19.928,53.834,"6/7"
"3.(3.)",":it:Italy",74.33,0.284999999999997,1.974,35.88,"3/7"
"4.(4.)",":de:Germany",72.356,0.714999999999989,0,33.906,"4/7"
"5.(5.)",":fr:France",57.415,0.333999999999996,-14.941,18.965,"5/6"
"6.(6.)",":pt:Portugal",51.549,0.167000000000002,-20.807,13.099,"3/6"
"7.(7.)",":nl:Netherlands",45.7,0,-26.656,7.25,"5/5"
