"rank","country","current points","points gained","gap to 4th place","gap to 8th place","teams remaining"
"1.(1.)",":gb-eng:England",103.783,0.856999999999999,30.713,64.933,"5/7"
"2.(2.)",":es:Spain",94.855,0.713999999999999,21.785,56.005,"4/7"
"3.(3.)",":it:Italy",75.616,0.143000000000001,2.54600000000001,36.766,"2/7"
"4.(4.)",":de:Germany",73.07,0.428999999999988,0,34.22,"3/7"
"5.(5.)",":fr:France",59.415,0.5,-13.655,20.565,"2/6"
"6.(6.)",":pt:Portugal",53.216,0.334000000000003,-19.854,14.366,"2/6"
"7.(7.)",":nl:Netherlands",47.9,0.399999999999999,-25.17,9.05,"2/5"
