"rank","country","current points","points gained","gap to 4th place","gap to 8th place","teams remaining"
"1.(1.)",":gb-eng:England",100.641,0.858000000000004,29.571,62.191,"6/7"
"2.(2.)",":es:Spain",90.713,0.85799999999999,19.643,52.263,"7/7"
"3.(3.)",":it:Italy",73.33,0.427999999999997,2.26000000000001,34.88,"6/7"
"4.(4.)",":de:Germany",71.07,0.285999999999987,0,32.62,"5/7"
"5.(5.)",":fr:France",56.748,0.666999999999994,-14.322,18.298,"6/6"
"6.(6.)",":pt:Portugal",50.382,0.332999999999998,-20.688,11.932,"4/6"
"7.(7.)",":nl:Netherlands",44.9,0.399999999999999,-26.17,6.45,"5/5"
