"rank","country","current points","points gained","gap to 4th place","gap to 8th place","teams remaining"
"1.(1.)",":gb-eng:England",96.926,2,29.427,62.076,"7/7"
"2.(2.)",":es:Spain",85.427,0.429000000000002,17.928,50.577,"7/7"
"3.(3.)",":it:Italy",69.188,0.143000000000001,1.68900000000001,34.338,"7/7"
"4.(4.)",":de:Germany",67.499,0.286000000000001,0,32.649,"7/7"
"5.(5.)",":fr:France",50.748,0.332999999999998,-16.751,15.898,"6/6"
"6.(6.)",":pt:Portugal",47.216,0.167000000000002,-20.283,12.366,"4/6"
"7.(7.)",":nl:Netherlands",40.5,0,-26.999,5.65,"5/5"
