"rank","country","current points","points gained","gap to 4th place","gap to 8th place","teams remaining"
"1.(1.)",":gb-eng:England",106.641,0.429000000000002,31.571,67.791,"1/7"
"2.(2.)",":es:Spain",95.855,0.427999999999997,20.785,57.005,"1/7"
"3.(3.)",":it:Italy",76.616,0.427999999999997,1.54600000000001,37.766,"1/7"
"4.(4.)",":de:Germany",75.07,0.428999999999988,0,36.22,"1/7"
"5.(5.)",":fr:France",60.081,0.166000000000004,-14.989,21.231,"0/6"
"6.(6.)",":pt:Portugal",53.382,0,-21.688,14.532,"0/6"
"7.(7.)",":nl:Netherlands",49.3,0.399999999999999,-25.77,10.45,"1/5"
