"rank","country","current points","points gained","gap to 4th place","gap to 8th place","teams remaining"
"1.(1.)",":gb-eng:England",101.355,0.713999999999999,29.714,62.905,"6/7"
"2.(2.)",":es:Spain",91.855,1.14200000000001,20.214,53.405,"6/7"
"3.(3.)",":it:Italy",74.045,0.715000000000003,2.404,35.595,"4/7"
"4.(4.)",":de:Germany",71.641,0.571000000000012,0,33.191,"4/7"
"5.(5.)",":fr:France",57.081,0.333000000000006,-14.56,18.631,"6/6"
"6.(6.)",":pt:Portugal",51.382,1,-20.259,12.932,"4/6"
"7.(7.)",":nl:Netherlands",45.7,0.800000000000004,-25.941,7.25,"5/5"
